Media_Title,compound,positive,neutral,negative
Yfinance,0.9482128957476307,0.1016071404220226,0.8804263343647422,0.01802997146039033
Twitter,0.28761314658602577,0.09833025624701577,0.8806056024192267,0.02108355880948591
Reddit,0.7021816911976706,0.10744707792902429,0.8551918777195591,0.03741496382750902
Newsapi,-0.26963424919184925,0.09617635432797456,0.80771611348176,0.09607608219248717
