Media_Title,score
Yfinance,0.7861936748005933
Twitter,0.860086233595384
Reddit,0.9551735136538556
Newsapi,0.9428558026338707
